City_ID,City,Lat,Lng,Max Temp,Humidity,Cloudiness,Wind Speed,Country,Date
0,blackmans bay,-43.0167,147.3167,53.73,61,60,3.0,AU,1702585942
1,anadyr,64.75,177.4833,16.3,86,100,24.61,RU,1702585942
2,tolanaro,-25.0319,46.9987,78.87,83,20,20.71,MG,1702585943
3,newman,37.3138,-121.0208,63.23,60,100,1.99,US,1702585943
4,holualoa,19.6228,-155.9522,76.84,65,40,26.46,US,1702585943
5,pachino,36.7186,15.0907,59.41,73,99,8.97,IT,1702585944
6,nemuro,43.3236,145.575,26.28,68,46,18.12,JP,1702585945
7,kodiak,57.79,-152.4072,26.11,74,0,23.02,US,1702585945
8,port mathurin,-19.6833,63.4167,79.47,76,3,14.97,MU,1702585947
9,al bawiti,28.3492,28.8659,57.49,65,0,1.61,EG,1702585947
10,port-aux-francais,-49.35,70.2167,42.55,78,22,24.74,TF,1702585947
11,college,64.8569,-147.8028,-13.56,75,20,0.0,US,1702585948
12,wailua homesteads,22.0669,-159.378,75.63,84,75,27.63,US,1702585948
13,cidreira,-30.1811,-50.2056,74.25,90,86,8.59,BR,1702585948
14,isafjordur,66.0755,-23.124,32.5,69,76,28.23,IS,1702585949
15,stanley,54.868,-1.6985,43.29,91,20,6.91,GB,1702585949
16,garoowe,8.4054,48.4845,75.15,62,14,9.82,SO,1702585949
17,ushuaia,-54.8,-68.3,53.26,43,75,12.66,AR,1702585888
18,cabo san lucas,22.8909,-109.9124,85.6,36,0,5.75,MX,1702585814
19,avarua,-21.2078,-159.775,75.25,100,100,3.44,CK,1702585950
20,west island,-12.1568,96.8225,78.78,78,19,6.91,CC,1702585951
21,moussoro,13.6408,16.4901,71.15,19,96,10.92,TD,1702585951
22,moree,-29.4667,149.85,79.65,62,27,7.65,AU,1702585951
23,zeya,53.75,127.2667,-13.52,77,5,5.99,RU,1702585951
24,ghat,24.9647,10.1728,65.34,15,65,8.43,LY,1702585952
25,pechora,65.1472,57.2244,4.73,95,100,7.83,RU,1702585952
26,adamstown,-25.066,-130.1015,73.74,83,85,14.34,PN,1702585952
27,mount pearl,47.5166,-52.7813,27.14,60,40,20.71,CA,1702585952
28,dudinka,69.4058,86.1778,-7.38,94,100,18.01,RU,1702585953
29,les cayes,18.2,-73.75,80.98,68,82,1.88,HT,1702585953
30,tofol,5.3248,163.0078,80.19,89,100,20.18,FM,1702585953
31,lazaro cardenas,17.9583,-102.2,85.6,50,100,6.58,MX,1702585953
32,tiksi,71.6872,128.8694,0.99,99,100,7.96,RU,1702585954
33,queenstown,-31.8976,26.8753,55.51,78,96,4.72,ZA,1702585954
34,kerikeri,-35.2268,173.9474,63.91,83,41,2.33,NZ,1702585954
35,vadso,70.0744,29.7487,19.56,79,75,11.5,NO,1702585954
36,narrabri,-30.3167,149.7833,81.52,63,10,3.0,AU,1702585954
37,huarmey,-10.0681,-78.1522,74.05,75,55,9.31,PE,1702585955
38,utrik,11.2278,169.8474,80.87,82,69,20.94,MH,1702585955
39,camana,-16.6228,-72.7111,72.46,76,54,5.61,PE,1702585955
40,alofi,-19.0595,-169.9187,82.29,78,75,5.75,NU,1702585955
41,ayancik,41.9447,34.5861,56.28,63,100,9.89,TR,1702585956
42,saint-pierre,-21.3393,55.4781,76.68,78,0,4.61,RE,1702585956
43,bahia de kino,28.8333,-111.9333,77.92,36,0,8.88,MX,1702585956
44,ta`u,-14.2336,-169.5144,78.03,91,100,18.03,AS,1702585957
45,georgetown,5.4112,100.3354,78.73,92,20,3.44,MY,1702585957
46,thompson,55.7435,-97.8558,35.76,60,75,9.22,CA,1702585957
47,mata-utu,-13.2816,-176.1745,78.71,87,100,15.68,WF,1702585957
48,ar rudayyif,34.3827,8.1555,51.57,54,69,18.34,TN,1702585958
49,iskateley,67.6803,53.1512,5.02,96,96,5.99,RU,1702585958
50,atafu village,-8.5421,-172.5159,82.89,74,100,5.01,TK,1702585958
51,iqaluit,63.7506,-68.5145,-2.47,71,100,5.75,CA,1702585958
52,albany,42.6001,-73.9662,37.02,57,66,4.32,US,1702585809
53,kendari,-3.945,122.4989,75.74,94,99,3.31,ID,1702585763
54,rio grande,-32.035,-52.0986,87.91,81,99,9.04,BR,1702585959
55,kavalerovo,44.2661,135.0572,3.4,59,100,7.0,RU,1702585959
56,invercargill,-46.4,168.35,64.98,59,92,10.18,NZ,1702585959
57,grytviken,-54.2811,-36.5092,39.63,64,12,3.98,GS,1702585959
58,mega,4.05,38.3,66.34,66,99,7.67,ET,1702585959
59,grand-bassam,5.2118,-3.7388,80.37,72,0,5.3,CI,1702585960
60,hermanus,-34.4187,19.2345,63.91,62,60,9.73,ZA,1702585960
61,dampit,-8.2116,112.7493,72.7,98,99,1.3,ID,1702585960
62,port lincoln,-34.7333,135.8667,58.39,81,0,6.4,AU,1702585960
63,yellowknife,62.456,-114.3525,7.41,79,20,15.01,CA,1702585770
64,olonkinbyen,70.9221,-8.7187,34.68,85,100,29.01,SJ,1702585961
65,tazovsky,67.4667,78.7,-3.08,100,96,4.14,RU,1702585961
66,tsiombe,-25.3,45.4833,75.97,87,8,5.86,MG,1702585962
67,santa cruz,-17.8,-63.1667,93.25,49,75,18.41,BO,1702585962
68,sejenane,37.0572,9.2381,49.15,75,100,19.84,TN,1702585963
69,sao jose da coroa grande,-8.8978,-35.1478,79.47,73,98,8.99,BR,1702585963
70,trikala,39.5553,21.7675,55.49,83,21,1.63,GR,1702585963
71,punta arenas,-53.15,-70.9167,53.62,71,75,14.97,CL,1702585823
72,reyes,-14.3167,-67.3833,80.76,89,75,6.91,BO,1702585964
73,khandyga,62.6667,135.6,-33.9,98,100,2.13,RU,1702585964
74,sitka,57.0531,-135.33,44.49,76,100,20.71,US,1702585964
75,bredasdorp,-34.5322,20.0403,62.96,60,81,6.55,ZA,1702585964
76,edinburgh of the seven seas,-37.0676,-12.3116,62.92,93,100,23.11,SH,1702585965
77,lebu,-37.6167,-73.65,58.42,66,0,7.43,CL,1702585965
78,hawaiian paradise park,19.5933,-154.9731,71.89,96,100,14.97,US,1702585965
79,chui,-33.6971,-53.4616,73.38,83,100,7.61,UY,1702585965
80,flin flon,54.7682,-101.865,39.04,52,100,5.75,CA,1702585966
81,port elizabeth,-33.918,25.5701,62.1,90,0,8.05,ZA,1702585966
82,souillac,-20.5167,57.5167,79.18,89,40,3.44,MU,1702585966
83,labuan,5.2767,115.2417,82.76,83,20,3.44,MY,1702585966
84,bathsheba,13.2167,-59.5167,84.81,70,40,17.27,BB,1702585966
85,qaqortoq,60.7167,-46.0333,-1.21,76,16,8.12,GL,1702585966
86,el granada,37.5027,-122.4694,64.81,64,0,3.44,US,1702585967
87,saint-philippe,-21.3585,55.7679,76.59,83,52,10.22,RE,1702585967
88,minas de marcona,-15.2119,-75.1103,68.59,67,31,10.51,PE,1702585939
89,bilibino,68.0546,166.4372,-12.73,87,100,7.74,RU,1702585967
90,waitangi,-43.9535,-176.5597,56.82,72,37,5.99,NZ,1702585967
91,nchelenge,-9.3451,28.734,71.28,85,97,4.54,ZM,1702585968
92,whitehorse,60.7161,-135.0538,29.17,86,100,16.11,CA,1702585968
93,longyearbyen,78.2186,15.6401,22.84,74,0,14.97,SJ,1702585968
94,santona,43.4439,-3.4576,54.07,84,100,11.61,ES,1702585968
95,palapye,-22.546,27.1251,78.39,54,98,11.05,BW,1702585968
96,ad dawadimi,24.5077,44.3924,51.15,52,0,6.98,SA,1702585969
97,puerto ayora,-0.7393,-90.3518,87.76,85,80,9.84,EC,1702585969
98,ntoum,0.3833,9.7833,77.43,91,74,3.06,GA,1702585969
99,vokhtoga,58.8147,41.0461,12.43,94,100,7.83,RU,1702585969
100,ixtapa,20.7,-105.2,83.23,51,100,4.61,MX,1702585969
101,chonchi,-42.6128,-73.8092,55.11,80,100,9.1,CL,1702585969
102,ilulissat,69.2167,-51.1,15.82,86,100,11.5,GL,1702585969
103,galle,6.0367,80.217,76.64,93,100,8.48,LK,1702585970
104,badger,64.8,-147.5333,-13.65,77,40,3.44,US,1702585970
105,puerto natales,-51.7236,-72.4875,52.25,58,100,6.91,CL,1702585970
106,hamilton,39.1834,-84.5333,53.94,31,0,4.0,US,1702585792
107,talnakh,69.4865,88.3972,-7.8,98,100,8.08,RU,1702585970
108,aasiaat,68.7098,-52.8699,2.08,96,94,7.31,GL,1702585970
109,ilovlya,49.3033,43.9796,21.45,82,100,13.27,RU,1702585971
110,bethel,41.3712,-73.414,39.36,54,0,3.44,US,1702585907
111,pitimbu,-7.4706,-34.8086,84.79,75,38,10.98,BR,1702585971
112,undurkhaan,47.3194,110.6556,-5.12,100,100,0.96,MN,1702585971
113,anapa,44.8908,37.3239,53.94,71,0,17.9,RU,1702585971
114,igarka,67.4667,86.5833,-9.67,97,100,12.35,RU,1702585971
115,neyriz,29.1988,54.3278,42.85,56,0,2.55,IR,1702585971
116,constantia,44.1833,28.65,47.08,84,100,10.47,RO,1702585972
117,saldanha,-33.0117,17.9442,62.65,74,0,25.17,ZA,1702585972
118,lospalos,-8.5186,127.0025,74.08,87,100,1.7,TL,1702585972
119,ksar el kebir,35.0017,-5.9053,50.2,73,0,2.82,MA,1702585972
120,chisec,15.8167,-90.2833,80.83,93,84,1.5,GT,1702585972
121,usogorsk,63.4106,48.6872,7.66,95,100,5.66,RU,1702585972
122,salyan,39.5936,48.9805,44.51,77,100,7.87,AZ,1702585972
123,kingston,17.997,-76.7936,86.95,65,40,5.99,JM,1702585973
124,afaahiti,-17.75,-149.2833,84.07,88,100,14.34,PF,1702585973
125,selfoss,63.9331,-20.9971,34.05,65,38,33.67,IS,1702585973
126,guiuan,11.0333,125.7247,83.35,76,94,15.26,PH,1702585973
127,zhangjiakou,40.81,114.8794,9.45,74,93,11.97,CN,1702585973
128,nadym,65.5333,72.5167,1.2,97,100,5.75,RU,1702585973
129,kakamega,0.2842,34.7523,61.45,91,62,3.83,KE,1702585912
130,gargzdai,55.7128,21.4033,31.78,98,99,2.66,LT,1702585974
131,cill airne,52.05,-9.5167,46.85,79,100,4.38,IE,1702585974
132,wuwei,37.9281,102.6414,11.44,71,100,3.02,CN,1702585974
133,ribeira grande,38.5167,-28.7,62.78,88,40,27.63,PT,1702585974
134,ust-nera,64.5667,143.2,-7.92,98,100,7.92,RU,1702585974
135,portland,45.5234,-122.6762,51.62,81,100,10.36,US,1702585814
136,castillos,-34.1667,-53.8333,72.34,85,100,7.52,UY,1702585974
137,khilok,51.3674,110.4676,-21.41,97,47,3.27,RU,1702585975
138,sokhumi,43.0033,41.0153,51.21,56,100,6.13,GE,1702585868
139,klyuchi,52.2667,79.1667,-6.66,82,10,4.21,RU,1702585975
140,al jaradiyah,16.5795,42.9124,80.1,64,1,4.54,SA,1702585975
141,mahina,-17.5065,-149.489,85.77,66,75,19.57,PF,1702585975
142,chillicothe,39.3331,-82.9824,49.98,31,0,1.99,US,1702585975
143,klaksvik,62.2266,-6.589,45.52,68,74,31.45,FO,1702585975
144,dakhla,23.6848,-15.958,68.02,77,1,24.16,EH,1702585975
145,bangassou,4.7413,22.8184,68.16,51,18,0.98,CF,1702585976
146,lihue,21.9789,-159.3672,76.24,79,75,27.63,US,1702585976
147,christchurch,-43.5333,172.6333,58.91,83,20,12.66,NZ,1702585725
148,happy valley-goose bay,53.3168,-60.3315,16.11,62,75,16.11,CA,1702585976
149,kalat,29.0225,66.5916,42.78,38,100,4.29,PK,1702585976
150,sovetskaya gavan',48.9723,140.2878,-6.9,72,0,12.17,RU,1702585976
151,uturoa,-16.7333,-151.4333,81.23,79,68,21.0,PF,1702585976
152,enewetak,11.3474,162.3373,81.75,81,92,21.52,MH,1702585977
153,papatowai,-46.5619,169.4708,61.74,60,100,5.17,NZ,1702585977
154,hammerfest,70.6634,23.6821,25.25,63,0,11.5,NO,1702585977
155,petukhovo,55.0692,67.9019,-11.16,84,87,6.24,RU,1702585977
156,delacombe,-37.5891,143.8147,50.74,90,12,1.01,AU,1702585977
157,petropavlovsk-kamchatsky,53.0452,158.6483,19.45,73,20,27.0,RU,1702585977
158,gaigeturi,33.4644,126.3183,66.25,82,75,14.97,KR,1702585977
159,aswan,24.0934,32.907,69.1,45,0,9.22,EG,1702585978
160,puerto aysen,-45.4,-72.7,48.11,100,100,4.23,CL,1702585978
161,lompoc,34.6391,-120.4579,75.69,25,0,10.36,US,1702585978
162,goure,13.9835,10.2704,66.63,25,13,9.46,NE,1702585716
163,neryungri,56.6709,124.6491,-14.24,89,100,14.2,RU,1702585978
164,ambon,-3.6954,128.1814,80.08,14,40,5.75,ID,1702585978
165,chibougamau,49.9168,-74.3659,20.82,79,100,13.8,CA,1702585947
166,okhotsk,59.3833,143.3,-4.43,89,100,22.57,RU,1702585979
167,makokou,0.5738,12.8642,72.66,62,43,1.1,GA,1702585979
168,flying fish cove,-10.4217,105.6791,74.88,83,75,5.75,CX,1702585979
169,somerton,32.5964,-114.7097,69.01,24,0,8.05,US,1702585979
170,yorkton,51.2167,-102.4677,40.84,45,0,11.5,CA,1702585802
171,tralee,52.2704,-9.7026,47.34,82,100,5.3,IE,1702585979
172,pingdu,36.7844,119.9464,30.54,86,100,18.32,CN,1702585979
173,bhamo,24.2667,97.2333,63.52,91,66,2.17,MM,1702585979
174,hobyo,5.3505,48.5268,80.11,76,29,16.8,SO,1702585980
175,talcahuano,-36.7167,-73.1167,62.28,59,0,13.8,CL,1702585980
176,port hedland,-20.3167,118.5667,75.25,94,4,9.22,AU,1702585980
177,port macquarie,-31.4333,152.9167,75.88,67,5,13.44,AU,1702585866
178,regina,50.4501,-104.6178,39.31,46,20,13.8,CA,1702585980
179,egilsstadir,65.2653,-14.3948,33.71,55,75,12.66,IS,1702585980
180,luderitz,-26.6481,15.1594,62.2,64,0,25.5,NA,1702585980
181,orerokpe,5.6351,5.8896,76.87,63,11,3.71,NG,1702585981
182,euclides da cunha,-10.5075,-39.0158,84.65,36,60,13.71,BR,1702585981
183,jagodina,43.9814,21.2622,45.55,94,100,6.02,RS,1702585981
184,karratha,-20.7377,116.8463,77.31,74,25,9.91,AU,1702585904
185,la ronge,55.1001,-105.2842,41.25,38,75,11.5,CA,1702585981
186,sault ste. marie,46.5168,-84.3333,46.69,51,0,8.05,CA,1702585973
187,bungoma,0.5635,34.5606,63.23,91,83,2.66,KE,1702585982
188,novyy urengoy,66.0833,76.6333,-2.74,100,99,2.01,RU,1702585982
189,hithadhoo,-0.6,73.0833,83.14,73,40,6.8,MV,1702585983
190,kamaishi,39.2667,141.8833,38.97,68,100,2.95,JP,1702585983
191,kapa'a,22.0752,-159.319,76.98,84,75,27.63,US,1702585983
192,meadow lake,34.8014,-106.5436,47.3,71,21,12.48,US,1702585983
193,juneau,58.3019,-134.4197,41.0,93,100,26.46,US,1702585984
194,ola,59.5833,151.2833,2.44,71,49,15.75,RU,1702585984
195,charters towers,-20.1,146.2667,74.16,85,100,11.7,AU,1702585984
196,prince rupert,54.3161,-130.3201,46.09,64,75,32.21,CA,1702585817
197,selkirk,50.1436,-96.8845,39.11,76,12,10.0,CA,1702585803
198,tual,-5.6667,132.75,83.25,78,99,16.08,ID,1702585985
199,arraial do cabo,-22.9661,-42.0278,84.16,74,0,25.32,BR,1702585985
200,lethem,3.3803,-59.7968,95.61,34,96,10.49,GY,1702585986
201,papao,-17.75,-149.55,85.68,81,100,15.48,PF,1702585986
202,nova sintra,14.8667,-24.7167,71.69,76,98,9.04,CV,1702585986
203,cadale,2.7603,46.3222,81.32,76,25,17.52,SO,1702585986
204,mpwapwa,-6.35,36.4833,68.77,89,68,3.31,TZ,1702585987
205,raduzhny,62.0961,77.475,-0.54,91,100,7.65,RU,1702585987
206,pervomayskiy,53.2485,40.2871,20.01,93,100,18.88,RU,1702585987
207,cassano allo ionio,39.783,16.3182,52.48,86,91,3.8,IT,1702585987
208,marshalltown,42.0494,-92.908,55.24,44,0,12.66,US,1702585988
209,kapuskasing,49.4169,-82.4331,39.29,75,75,16.11,CA,1702585988
210,pisco,-13.7,-76.2167,77.05,65,0,14.97,PE,1702585988
211,ancud,-41.8697,-73.8203,54.25,82,100,19.01,CL,1702585960
212,road town,18.4167,-64.6167,82.49,57,20,10.36,VG,1702585988
213,banamba,13.55,-7.45,69.91,17,4,9.17,ML,1702585989
214,crane,31.3974,-102.3501,53.37,95,100,18.63,US,1702585989
215,severo-yeniseyskiy,60.3725,93.0408,-17.43,97,99,5.01,RU,1702585989
216,valparaiso,-33.0393,-71.6273,70.0,60,0,10.36,CL,1702585912
217,waynesville,35.4887,-82.9887,55.89,32,0,1.01,US,1702585990
218,kharkhorin,47.1975,102.8238,-13.31,98,99,3.29,MN,1702585990
219,alesund,62.4723,6.1549,44.33,71,40,16.11,NO,1702585913
220,isyangulovo,52.1909,52.1909,14.67,63,93,14.34,RU,1702585991
221,margaret river,-33.95,115.0667,50.49,81,59,11.3,AU,1702585991
222,island harbour,50.724,-1.2758,48.92,94,2,1.99,GB,1702585991
223,humberto de campos,-2.5983,-43.4611,81.14,73,43,10.45,BR,1702585992
224,kalmunai,7.4167,81.8167,77.27,88,98,5.44,LK,1702585992
225,luwuk,-0.9516,122.7875,78.3,79,99,2.86,ID,1702585992
226,barroso,-21.1869,-43.9758,82.58,77,71,8.14,BR,1702585992
227,cabedelo,-6.9811,-34.8339,84.87,77,77,12.41,BR,1702585992
228,neenah,44.1858,-88.4626,52.05,53,0,12.66,US,1702585993
229,clifton,40.8584,-74.1638,42.84,41,0,10.36,US,1702585993
230,north shore,-36.8,174.75,65.39,71,89,5.99,NZ,1702585993
231,nar'yan-mar,67.6713,53.087,5.11,96,96,5.99,RU,1702585994
232,labytnangi,66.6572,66.4183,-7.04,95,97,3.96,RU,1702585994
233,susuman,62.7833,148.1667,-8.01,97,100,7.0,RU,1702585994
234,boden,65.8252,21.6886,8.6,98,87,3.62,SE,1702585994
235,preobrazheniye,42.9019,133.9064,19.81,37,100,6.04,RU,1702585994
236,port blair,11.6667,92.75,82.44,83,40,4.61,IN,1702585995
237,at taj,24.2049,23.2857,57.54,35,0,4.27,LY,1702585995
238,yaren,-0.5472,166.916,84.07,77,100,15.88,NR,1702585995
239,kamiiso,41.8167,140.65,28.56,67,100,5.5,JP,1702585995
240,reggane,26.7158,0.1714,65.98,25,0,10.25,DZ,1702585995
241,san andres,12.5847,-81.7006,86.02,66,20,14.97,CO,1702585996
242,weno,7.4515,151.8468,82.56,70,95,20.0,FM,1702585996
243,bredy,52.4153,60.3411,-1.08,82,94,6.58,RU,1702585888
244,maragogi,-9.0122,-35.2225,79.43,73,96,9.26,BR,1702585948
245,sabang,5.8933,95.3214,80.98,80,84,10.78,ID,1702585996
246,kadom,54.5592,42.4675,16.48,88,100,12.33,RU,1702585997
247,guardo,42.7897,-4.8482,34.65,86,31,4.61,ES,1702585997
248,twon-brass,4.3151,6.2418,81.63,79,25,11.61,NG,1702585893
249,saint-joseph,-21.3667,55.6167,75.58,82,38,7.4,RE,1702585997
250,san luis de la loma,17.2706,-100.8939,83.53,63,100,3.11,MX,1702585998
251,jamestown,42.097,-79.2353,44.19,54,0,12.66,US,1702585776
252,saipan,15.1355,145.701,81.3,78,20,16.11,MP,1702585998
253,ulanhot,46.0833,122.0833,2.86,67,100,6.08,CN,1702585998
254,sao felix do xingu,-6.6447,-51.995,78.03,87,84,3.51,BR,1702585985
255,winslow,35.0242,-110.6974,48.38,49,20,9.22,US,1702585999
256,shrigonda,18.6167,74.6833,65.37,59,0,5.64,IN,1702585999
257,mount gambier,-37.8333,140.7667,55.6,84,100,3.98,AU,1702585999
258,gisborne,-38.6533,178.0042,68.04,58,5,4.9,NZ,1702586000
259,ebon,4.582,168.6964,80.92,85,100,21.23,MH,1702586000
260,masuguru,-11.3667,38.4167,79.36,72,55,6.2,TZ,1702586000
261,udachny,66.4167,112.4,-19.55,82,99,5.12,RU,1702586000
262,fale old settlement,-9.3852,-171.2468,79.12,85,100,8.23,TK,1702586001
263,pathein,16.7833,94.7333,72.64,91,59,6.53,MM,1702586001
264,axim,4.8699,-2.2405,80.02,72,1,6.73,GH,1702586001
265,nuuk,64.1835,-51.7216,16.41,62,20,9.22,GL,1702586001
266,pacific grove,36.6177,-121.9166,64.42,73,0,4.0,US,1702585929
267,glace bay,46.1969,-59.957,23.79,78,20,11.5,CA,1702586002
268,massakory,12.996,15.7293,73.54,20,29,11.07,TD,1702586002
269,isangel,-19.55,169.2667,75.31,83,40,0.0,VU,1702586002
270,tura,25.5198,90.2201,56.35,67,99,4.07,IN,1702586002
271,porto murtinho,-21.6989,-57.8825,93.94,43,100,3.83,BR,1702586003
272,bucerias,20.75,-105.3333,83.98,51,100,4.61,MX,1702586003
273,colonia,50.9333,6.95,41.97,87,75,1.14,DE,1702586003
274,viedma,-40.8135,-62.9967,71.87,57,100,17.72,AR,1702586003
275,takoradi,4.8845,-1.7554,80.78,73,0,8.5,GH,1702586004
276,ar rass,25.8694,43.4973,56.26,45,0,6.31,SA,1702586004
277,zyryanovsk,49.7386,84.2719,-26.68,97,6,1.01,KZ,1702586004
278,peace river,56.2501,-117.286,34.11,55,20,4.61,CA,1702585750
279,yarmouth,41.7057,-70.2286,36.07,51,0,9.22,US,1702586004
280,tuy hoa,13.0833,109.3,74.61,94,87,2.98,VN,1702586005
281,kuytun,54.3419,101.5036,-16.06,95,100,3.33,RU,1702586005
282,new norfolk,-42.7826,147.0587,54.9,72,35,3.04,AU,1702586005
283,mana,5.6592,-53.7767,81.36,80,25,11.39,GF,1702586005
284,lerwick,60.1545,-1.1494,48.2,79,100,22.55,GB,1702586005
285,celestun,20.8667,-90.4,80.01,72,100,10.33,MX,1702586005
286,mazamari,-11.3258,-74.5308,85.1,71,98,1.21,PE,1702586006
287,rongelap,11.1635,166.8941,81.14,79,49,21.72,MH,1702586006
288,saynshand,44.8824,110.1163,-2.99,96,100,8.57,MN,1702586007
289,borger,52.9233,6.7931,41.79,92,88,8.08,NL,1702585899
290,bida,9.0833,6.0167,81.34,25,5,3.51,NG,1702586007
291,dingalan,15.3897,121.3929,75.78,89,30,11.16,PH,1702586007
292,bandarbeyla,9.4942,50.8122,77.5,72,14,22.46,SO,1702585899
293,sattur,9.3667,77.9333,75.49,79,100,11.95,IN,1702586008
294,narasannapeta,18.4167,84.05,66.34,79,15,6.11,IN,1702586008
295,usinsk,65.9939,57.5281,5.07,96,96,10.0,RU,1702586008
296,tazacorte,28.629,-17.9293,68.97,77,75,10.36,ES,1702586008
297,nuku'alofa,-21.1333,-175.2,79.14,83,75,10.36,TO,1702586009
298,cambria,35.5641,-121.0808,70.61,45,100,5.01,US,1702586009
299,vitorino freire,-4.0667,-45.1667,87.93,51,51,2.84,BR,1702586009
300,kralendijk,12.15,-68.2667,84.18,74,40,13.8,BQ,1702586010
301,san antonio de pale,-1.4014,5.6325,81.01,81,32,8.12,GQ,1702586010
302,rosario do sul,-30.2583,-54.9142,82.22,78,100,8.88,BR,1702586010
303,st. john's,47.5649,-52.7093,27.97,60,40,20.71,CA,1702586010
304,bodo,67.28,14.405,22.77,63,0,27.63,NO,1702586010
305,qingdao,36.0986,120.3719,33.4,93,100,17.9,CN,1702586010
306,mount isa,-20.7333,139.5,80.37,78,75,5.75,AU,1702585850
307,san mariano,7.5,126.0,69.87,91,77,2.93,PH,1702586011
308,vinton,37.281,-79.897,54.25,31,20,4.61,US,1702586011
309,malvan,16.0667,73.4667,74.48,48,0,7.4,IN,1702586012
310,bandundu,-3.3167,17.3667,74.41,87,99,0.78,CD,1702586012
311,canutama,-6.5339,-64.3831,84.78,72,100,2.46,BR,1702586012
312,laguna,38.421,-121.4238,61.05,61,0,8.05,US,1702585739
313,tibagi,-24.5094,-50.4136,81.57,64,58,1.14,BR,1702586013
314,porto velho,-8.7619,-63.9039,80.65,83,75,1.14,BR,1702586013
315,taroa,8.7058,171.2275,81.75,83,24,21.97,MH,1702586013
316,al kharj,24.155,47.3346,57.78,42,0,9.1,SA,1702586013
317,la passe,45.5549,-0.8967,48.43,94,100,6.64,FR,1702586014
318,totness,5.8833,-56.3167,80.94,81,46,11.97,SR,1702586014
319,kayangel,8.0823,134.7173,83.73,77,99,22.17,PW,1702586014
320,kabalo,-6.05,26.9167,72.25,94,100,2.68,CD,1702586015
321,gannan,47.9147,123.5031,-4.72,83,100,4.59,CN,1702586015
322,kupiskis,55.8333,24.9667,25.29,90,100,8.66,LT,1702586015
323,chernomorskoye,45.5039,32.6997,51.75,93,100,15.93,UA,1702586015
324,parabel',58.6978,81.4825,0.91,92,100,8.01,RU,1702586002
325,brookings,44.3114,-96.7984,51.39,55,0,16.11,US,1702585894
326,alindao,5.0267,21.2088,73.67,42,28,0.54,CF,1702586016
327,kyabe,9.4515,18.9449,76.89,22,13,5.12,TD,1702586016
328,qamdo,31.1667,97.2333,13.12,62,89,7.18,CN,1702586016
329,berehomet,48.1788,25.3486,33.44,92,100,8.1,UA,1702586016
330,puerto quijarro,-17.7833,-57.7667,100.22,32,95,5.19,BO,1702586017
331,herent,50.9082,4.6683,44.73,87,75,6.91,BE,1702586017
332,san patricio,28.017,-97.5169,68.16,89,100,14.88,US,1702586017
333,cardenas,23.0375,-81.2047,79.56,73,73,20.27,CU,1702585982
334,labrador city,52.9463,-66.9114,12.11,73,100,6.91,CA,1702585815
335,meizhou,24.2977,116.1072,65.16,96,40,1.25,CN,1702586018
336,kisangani,0.5167,25.2,72.0,78,73,0.51,CD,1702586018
337,kangding,30.0513,101.9603,36.19,54,32,7.38,CN,1702586018
338,keflavik,64.0049,-22.5624,37.83,70,75,39.12,IS,1702586018
339,palikir - national government center,6.9248,158.1611,83.25,94,75,9.22,FM,1702585837
340,kyaikkami,16.08,97.5675,78.93,76,98,5.01,MM,1702586019
341,ikwiriri,-7.9562,38.9716,74.86,96,39,2.35,TZ,1702586019
342,borogontsy,62.6683,131.1683,-34.62,99,99,5.53,RU,1702586019
343,santa elena de uairen,4.6167,-61.1333,82.51,47,87,4.68,VE,1702586019
344,wewak,-3.5534,143.6268,78.21,92,99,6.73,PG,1702586019
345,sterling,39.0062,-77.4286,49.86,34,40,6.91,US,1702586019
346,kafin hausa,12.2375,9.908,70.3,28,6,9.44,NG,1702586019
347,dhankuta,26.9833,87.3333,45.93,87,58,5.28,NP,1702586020
348,bikenibeu village,1.3673,173.1241,78.76,94,100,2.3,KI,1702586020
349,arkhangel'sk,64.5401,40.5433,10.51,85,40,8.95,RU,1702585952
350,sitten,46.2291,7.3594,45.86,87,40,2.3,CH,1702586020
351,touros,-5.1989,-35.4608,80.19,73,56,14.65,BR,1702586020
352,northfield,44.4583,-93.1616,54.32,45,0,14.97,US,1702586020
353,stephenville,32.2207,-98.2023,61.77,59,0,11.5,US,1702586020
354,pangai,-19.8,-174.35,80.71,78,75,11.5,TO,1702586021
355,bom jesus da lapa,-13.255,-43.4181,92.26,12,0,5.91,BR,1702586021
356,aykhal,66.0,111.5,-17.25,98,100,5.86,RU,1702586021
357,tromso,69.6496,18.957,23.02,63,0,16.11,NO,1702586021
358,gadzhiyevo,69.2551,33.3362,3.85,99,79,10.4,RU,1702586021
359,swan hill,-35.3378,143.5544,63.36,55,0,8.66,AU,1702586021
360,al kharijah,25.4514,30.5464,61.81,54,0,7.76,EG,1702586022
361,sorong,-0.8833,131.25,81.01,79,100,4.61,ID,1702586022
362,la romana,18.4273,-68.9728,75.56,94,75,6.91,DO,1702585928
363,puerto baquerizo moreno,-0.9,-89.6,83.39,74,20,13.8,EC,1702585817
364,fort st. john,56.2499,-120.8529,37.29,44,75,12.66,CA,1702585975
365,mukalla,14.5425,49.1242,73.53,65,30,1.32,YE,1702586022
366,semporna,4.4818,118.6112,77.88,90,53,5.01,MY,1702586022
367,siuri,23.9167,87.5333,60.42,45,72,4.07,IN,1702586022
368,north bend,43.4065,-124.2243,55.08,76,100,3.44,US,1702585763
369,kiffa,16.6166,-11.4045,75.07,14,100,10.8,MR,1702586023
370,manthani,18.65,79.6667,64.65,67,4,1.28,IN,1702586023
371,kem',64.9555,34.5793,7.59,99,93,4.27,RU,1702586023
372,saurimo,-9.6608,20.3916,65.66,96,100,1.34,AO,1702586023
373,miracatu,-24.2814,-47.4597,82.18,68,2,4.07,BR,1702586023
374,kelibia,36.8476,11.0939,57.45,77,40,9.22,TN,1702586023
375,natal,-5.795,-35.2094,83.05,69,40,14.97,BR,1702586024
376,mostaganem,35.9311,0.0892,55.63,55,0,0.29,DZ,1702586024
377,metlaoui,34.3208,8.4016,56.48,50,91,13.18,TN,1702586024
378,tamanrasset,22.785,5.5228,60.71,14,0,5.75,DZ,1702586024
379,mora,11.0461,14.1401,71.04,27,84,5.75,CM,1702586024
380,sechura,-5.5569,-80.8222,80.46,58,55,15.14,PE,1702586024
381,tabou,4.423,-7.3528,81.37,77,0,9.82,CI,1702586025
382,sotik post,-0.7813,35.3416,56.03,97,59,2.64,KE,1702586025
383,marsh harbour,26.5412,-77.0636,72.68,79,100,33.91,BS,1702586025
384,east london,-33.0153,27.9116,66.22,75,69,16.33,ZA,1702585815
385,dawei,14.0833,98.2,73.44,82,22,3.78,MM,1702586030
386,muisne,0.6,-80.0333,79.12,82,95,10.71,EC,1702586030
387,nikel,69.4128,30.222,12.38,98,54,5.88,RU,1702586030
388,wynyard,-41.0,145.7167,56.84,63,69,7.67,AU,1702586030
389,gangolli,13.65,74.6667,74.5,59,3,4.99,IN,1702586031
390,manicore,-5.8092,-61.3003,92.84,50,99,4.65,BR,1702586031
391,ouani,-12.1322,44.4258,81.9,75,94,1.81,KM,1702586031
392,adam,22.3756,57.5233,67.17,30,1,9.37,OM,1702586031
393,hecun,36.5333,114.1111,12.33,96,28,4.0,CN,1702586031
394,garrucha,37.1874,-1.8349,55.83,53,0,5.99,ES,1702586031
395,anatuya,-28.4606,-62.8347,86.58,67,85,15.37,AR,1702586032
396,yuzhno-kurilsk,44.0306,145.8556,27.37,69,100,23.76,RU,1702586032
397,daru,-9.0763,143.2092,78.78,90,100,7.38,PG,1702586032
398,yeniseysk,58.4497,92.1703,-6.61,97,100,3.83,RU,1702586032
399,katabu,-4.9333,122.5167,76.55,93,100,2.01,ID,1702586032
400,kamina,-8.7386,24.9906,64.04,96,51,1.68,CD,1702586033
401,north nowra,-34.8581,150.5828,70.75,81,93,2.35,AU,1702586033
402,mitsamiouli,-11.3847,43.2844,82.0,74,100,6.4,KM,1702586033
403,emerald,-23.5333,148.1667,72.34,83,0,9.13,AU,1702586033
404,ladario,-19.0047,-57.6017,89.89,58,75,2.3,BR,1702586033
405,port alfred,-33.5906,26.891,62.19,93,19,1.99,ZA,1702586034
406,yilan,24.757,121.753,75.02,86,2,3.56,TW,1702586034
407,kargasok,59.0556,80.8572,0.97,91,100,8.01,RU,1702586034
408,haiku-pauwela,20.9219,-156.3051,75.25,59,20,20.71,US,1702586034
409,uacu cungo,-11.3634,15.1208,65.01,96,99,1.77,AO,1702586034
410,balkashino,52.5167,68.7667,-11.29,73,74,4.52,KZ,1702586034
411,nantucket,41.2835,-70.0995,36.01,44,0,9.22,US,1702586034
412,bartica,6.4,-58.6167,88.12,66,100,3.78,GY,1702586035
413,la gi,10.6667,107.7833,74.19,86,90,7.96,VN,1702586035
414,otjimbingwe,-22.35,16.1333,72.48,29,100,8.01,NA,1702586035
415,nguigmi,14.2495,13.1092,68.81,29,39,13.31,NE,1702586035
416,bellavista,-7.0561,-76.5911,87.48,61,100,3.22,PE,1702586035
417,belmonte,-15.8631,-38.8828,78.35,81,43,7.83,BR,1702586035
418,hastings,50.8552,0.5729,46.33,91,68,11.16,GB,1702585776
419,anka,12.1138,5.9243,72.07,26,1,10.38,NG,1702586035
420,khowy,38.5503,44.9521,39.2,75,0,1.23,IR,1702586036
421,zintan,31.9223,12.252,51.73,58,0,6.04,LY,1702586036
422,lorengau,-2.0226,147.2712,81.03,80,100,3.02,PG,1702586036
423,vila franca do campo,37.7167,-25.4333,64.89,99,100,13.76,PT,1702586036
424,port saint john's,-31.6229,29.5448,67.51,79,99,14.18,ZA,1702586036
425,priob'ye,62.5206,65.5964,6.03,95,100,4.74,RU,1702586036
426,fangshan,39.6983,115.9925,18.95,97,92,1.66,CN,1702586036
427,gaogou,34.0175,119.1886,37.44,89,100,10.94,CN,1702586037
428,lhokseumawe,5.1801,97.1507,77.43,87,100,1.88,ID,1702586037
429,semenyih,2.9516,101.843,78.58,99,100,2.26,MY,1702586037
430,zarghun shahr,32.8473,68.4457,33.93,35,55,4.34,AF,1702586037
431,monmouth,40.3001,-74.1663,43.14,42,0,5.75,US,1702585738
432,stanthorpe,-28.6667,151.95,69.42,85,66,9.31,AU,1702586037
433,nishinoomote,30.7333,131.0,68.94,80,20,10.0,JP,1702586037
434,roxborough park,39.4739,-105.0853,47.46,83,100,1.01,US,1702586038
435,linfen,36.0889,111.5189,19.98,66,91,9.33,CN,1702586038
436,velikiy ustyug,60.7644,46.3106,8.4,95,99,5.99,RU,1702586038
437,roma,43.2128,-75.4557,38.88,58,75,0.0,US,1702585975
438,islamorada,24.9243,-80.6278,72.0,97,100,15.99,US,1702586038
439,guerrero negro,27.9769,-114.0611,72.81,29,0,7.7,MX,1702586038
440,wuhai,39.6647,106.8122,7.38,86,97,11.54,CN,1702586038
441,gobabis,-22.45,18.9667,74.23,50,96,14.27,NA,1702586039
442,karatuzskoye,53.6072,92.8667,-5.62,99,100,3.0,RU,1702586039
443,yur'yevets,57.3201,43.1041,12.79,93,100,11.25,RU,1702586039
444,hwange,-18.3693,26.5019,71.64,83,93,3.06,ZW,1702586039
445,ponta delgada,37.7333,-25.6667,65.19,77,20,17.27,PT,1702586039
446,qulsary,46.9531,54.0198,20.84,26,100,16.37,KZ,1702586039
447,horta,38.5333,-28.6333,62.02,83,40,27.63,PT,1702586039
448,gokarna,14.55,74.3167,74.19,55,0,9.13,IN,1702586040
449,maun,-19.9833,23.4167,76.12,66,100,7.4,BW,1702586040
450,xilin hot,43.9667,116.0333,-7.71,98,100,10.87,CN,1702586040
451,constitucion,-35.3333,-72.4167,60.6,62,3,15.5,CL,1702585857
452,columbia falls,48.3725,-114.1815,30.13,77,0,5.75,US,1702586040
453,thunder bay,48.4001,-89.3168,57.18,38,20,17.27,CA,1702586040
454,muncar,-8.4333,114.3333,77.18,90,96,4.52,ID,1702586041
455,ceeldheer,3.8488,47.1806,79.74,76,17,17.02,SO,1702585810
456,magadan,59.5667,150.8,1.33,75,39,11.01,RU,1702586041
457,fort mcmurray,56.7268,-111.381,36.99,51,0,11.5,CA,1702585836
458,timbiqui,2.7717,-77.6654,78.17,90,100,6.58,CO,1702586041
459,kirensk,57.7853,108.1119,-16.42,97,100,6.49,RU,1702586041
460,aral,40.5156,81.2636,17.46,49,8,4.7,CN,1702586041
461,vilyuchinsk,52.9306,158.4028,20.93,70,100,33.4,RU,1702586042
462,kotri,25.366,68.3122,65.98,21,0,6.6,PK,1702586042
463,kolonia,50.9333,6.95,41.97,87,75,2.3,DE,1702585789
464,oasis,33.4659,-116.0989,76.33,25,0,1.01,US,1702586043
465,mogocha,53.7333,119.7667,-30.8,96,5,3.13,RU,1702586043
466,iranshahr,27.2025,60.6848,64.74,52,0,4.61,IR,1702586044
467,fortuna,40.5982,-124.1573,63.99,62,0,5.01,US,1702586044
468,andergrove,-21.0833,149.1833,76.64,72,100,5.84,AU,1702586045
469,prainha,-1.8,-53.48,89.58,51,79,5.17,BR,1702586045
470,waat,51.1454,6.4958,42.78,93,100,3.44,DE,1702586045
471,amga,60.8953,131.9608,-18.81,95,100,7.74,RU,1702586045
472,prince george,53.9166,-122.753,28.26,98,100,1.01,CA,1702585782
473,apt,43.8833,5.4,46.69,75,46,13.0,FR,1702586046
474,shar'ya,58.3686,45.5144,9.43,95,100,7.23,RU,1702586046
475,kone,-21.0595,164.8658,79.54,59,13,2.64,NC,1702586047
476,maloye ganyushkino,46.6,49.2667,29.39,67,91,11.01,KZ,1702586047
477,hilo,19.7297,-155.09,72.1,95,100,14.97,US,1702585810
478,nong bua lamphu,17.2041,102.4407,72.19,70,50,1.39,TH,1702586048
479,serra talhada,-7.9919,-38.2983,88.21,35,9,20.29,BR,1702586048
480,torghay,49.6339,63.4981,7.29,54,28,14.07,KZ,1702586048
481,al hazm,16.1641,44.7769,62.64,39,5,2.37,YE,1702586048
482,walvis bay,-22.9575,14.5053,62.1,72,49,8.05,NA,1702586049
483,machico,32.7,-16.7667,66.83,71,40,17.27,PT,1702586049
484,mesolongi,38.3702,21.4295,62.94,84,68,6.35,GR,1702586049
485,ljusdal,61.8288,16.0913,-5.04,100,86,0.94,SE,1702586049
486,calabozo,8.9242,-67.4293,89.31,46,100,4.03,VE,1702586050
487,kulhudhuffushi,6.6221,73.07,80.49,78,100,2.93,MV,1702586050
488,salahonda,2.1019,-78.7217,78.82,89,100,17.16,CO,1702586050
489,malango,-2.9627,119.9001,67.95,97,99,2.19,ID,1702586050
490,kolonia town,6.964,158.206,84.31,94,75,9.22,FM,1702586051
491,thinadhoo,0.5333,72.9333,83.01,73,100,6.93,MV,1702586051
492,gyanpur,25.35,82.4667,53.55,49,13,1.99,IN,1702586051
493,pekan,3.4836,103.3996,77.11,91,99,5.68,MY,1702586051
494,hasaki,35.7333,140.8333,52.29,71,100,7.87,JP,1702586052
495,zelenogorskiy,55.0333,87.0,-2.04,96,100,8.14,RU,1702586052
496,harstad,68.799,16.5293,25.16,51,10,17.0,NO,1702586052
497,tafuna,-14.3358,-170.72,78.75,94,100,5.75,AS,1702586052
498,kavieng,-2.5744,150.7967,82.38,80,29,9.4,PG,1702586052
499,hadibu,12.65,54.0333,77.0,77,14,11.54,YE,1702586053
500,yemetsk,63.4721,41.7941,11.62,94,100,6.33,RU,1702586053
501,mogadishu,2.0371,45.3438,81.18,79,19,15.68,SO,1702586053
502,jiwani,25.05,61.7417,74.59,63,100,8.08,PK,1702586053
503,tangalle,6.024,80.7911,76.42,91,100,7.78,LK,1702586054
504,akureyri,65.6835,-18.0878,37.33,44,75,14.97,IS,1702586054
505,arfoud,31.4348,-4.2375,54.61,20,0,7.85,MA,1702586054
506,ordynskoye,54.3656,81.8994,-12.12,92,53,7.25,RU,1702586054
507,tomatlan,19.9333,-105.25,91.8,26,100,5.01,MX,1702586055
508,fukuecho,32.6881,128.8419,66.56,91,7,17.36,JP,1702586055
509,geraldton,-28.7667,114.6,63.01,77,94,10.36,AU,1702586055
510,mangrol,21.1167,70.1167,73.89,68,3,1.97,IN,1702586055
511,dalandzadgad,43.5708,104.425,-5.22,90,100,11.7,MN,1702586056
512,kapit,2.0167,112.9333,73.65,99,99,1.07,MY,1702586056
513,bargaal,11.2864,51.0773,75.85,66,10,8.25,SO,1702586056
514,cockburn town,21.4612,-71.1419,79.16,72,98,22.17,TC,1702586012
515,eirunepe,-6.6603,-69.8736,79.65,93,93,2.24,BR,1702586057
516,champerico,14.3,-91.9167,95.54,61,12,9.06,GT,1702586057
517,nelspruit,-25.4745,30.9703,75.49,68,100,3.44,ZA,1702585822
518,lusambo,-4.9667,23.45,70.38,98,90,1.14,CD,1702586057
519,unai,-16.3575,-46.9061,90.75,28,63,3.83,BR,1702586058
520,sao joao da barra,-21.6403,-41.0511,82.49,84,26,13.4,BR,1702586058
521,sao gabriel da cachoeira,-0.1303,-67.0892,81.25,91,100,2.1,BR,1702586045
522,bria,6.5423,21.9863,72.45,33,22,3.29,CF,1702586059
523,santo antonio do ica,-3.1022,-67.9397,85.15,73,100,2.64,BR,1702586059
524,staraya vichuga,57.2683,41.8787,13.06,94,100,10.36,RU,1702586002
525,toliara,-23.35,43.6667,79.99,81,89,1.39,MG,1702586059
526,baukau,51.5526,7.2042,39.49,87,81,1.01,DE,1702586060
527,amahai,-3.3333,128.9167,78.39,84,60,5.19,ID,1702586060
528,erfurt,50.9833,11.0333,39.47,89,75,11.5,DE,1702586060
529,ganta,7.3022,-8.5308,69.69,41,1,2.17,LR,1702586061
530,yeppoon,-23.1333,150.7333,73.18,69,0,4.29,AU,1702586061
531,filey,54.21,-0.2892,44.04,90,45,4.0,GB,1702586061
532,topolobampo,25.6,-109.05,78.71,34,0,16.11,MX,1702586061
533,taltal,-25.4,-70.4833,69.19,64,22,5.68,CL,1702586061
534,leava,-14.3,-178.1667,80.71,82,100,24.27,WF,1702586062
535,chegdomyn,51.1167,133.0167,-27.06,99,65,0.51,RU,1702585943
536,konosha,60.9736,40.257,9.64,94,99,6.96,RU,1702586062
537,trincomalee,8.5711,81.2335,79.72,81,100,7.43,LK,1702586062
538,vilhena,-12.7406,-60.1458,86.22,58,40,6.91,BR,1702586063
539,tchintabaraden,15.8969,5.7985,64.99,20,6,11.05,NE,1702586063
540,mossel bay,-34.1831,22.146,62.53,69,15,6.29,ZA,1702586063
541,ilhabela,-23.7781,-45.3581,77.7,85,41,2.66,BR,1702585965
542,sisimiut,66.9395,-53.6735,5.65,82,96,17.16,GL,1702586063
543,bengkulu,-3.8004,102.2655,73.62,90,69,3.91,ID,1702586064
544,alliance,40.9153,-81.1059,45.68,42,15,7.65,US,1702586064
545,kununurra,-15.7667,128.7333,82.38,94,100,0.0,AU,1702586064
546,nogliki,51.8333,143.1667,-3.66,76,7,13.0,RU,1702586064
547,cooper's town,26.8667,-77.5167,72.5,76,100,35.43,BS,1702586065
